Chunk Size,Dependent Variable,Model 1,Model 2,Mean Difference (M2 - M1)
128,rouge1,Mistral-7B-Instruct-v0.3,Phi-4-mini-instruct,-0.04466056817886771
128,rouge1,Mistral-7B-Instruct-v0.3,Qwen2.5-7B-Instruct,0.0062221953209685155
128,rouge1,Mistral-7B-Instruct-v0.3,gemma-7b-spark,-0.07422939076572865
128,rouge1,Phi-4-mini-instruct,Qwen2.5-7B-Instruct,0.050882763499836225
128,rouge1,Phi-4-mini-instruct,gemma-7b-spark,-0.029568822586860943
128,rouge1,Qwen2.5-7B-Instruct,gemma-7b-spark,-0.08045158608669717
128,rouge2,Mistral-7B-Instruct-v0.3,Phi-4-mini-instruct,-0.11417280104117056
128,rouge2,Mistral-7B-Instruct-v0.3,Qwen2.5-7B-Instruct,-0.028367954190037792
128,rouge2,Mistral-7B-Instruct-v0.3,gemma-7b-spark,-0.05939299748123611
128,rouge2,Phi-4-mini-instruct,Qwen2.5-7B-Instruct,0.08580484685113277
128,rouge2,Phi-4-mini-instruct,gemma-7b-spark,0.05477980355993445
128,rouge2,Qwen2.5-7B-Instruct,gemma-7b-spark,-0.031025043291198318
128,rougeL,Mistral-7B-Instruct-v0.3,Phi-4-mini-instruct,-0.09826445166599912
128,rougeL,Mistral-7B-Instruct-v0.3,Qwen2.5-7B-Instruct,0.0038946062933479797
128,rougeL,Mistral-7B-Instruct-v0.3,gemma-7b-spark,-0.04904903344013961
128,rougeL,Phi-4-mini-instruct,Qwen2.5-7B-Instruct,0.1021590579593471
128,rougeL,Phi-4-mini-instruct,gemma-7b-spark,0.04921541822585951
128,rougeL,Qwen2.5-7B-Instruct,gemma-7b-spark,-0.05294363973348759
128,rougeLsum,Mistral-7B-Instruct-v0.3,Phi-4-mini-instruct,-0.062247339495804355
128,rougeLsum,Mistral-7B-Instruct-v0.3,Qwen2.5-7B-Instruct,0.0010719423208442325
128,rougeLsum,Mistral-7B-Instruct-v0.3,gemma-7b-spark,-0.06250982111029624
128,rougeLsum,Phi-4-mini-instruct,Qwen2.5-7B-Instruct,0.06331928181664859
128,rougeLsum,Phi-4-mini-instruct,gemma-7b-spark,-0.0002624816144918829
128,rougeLsum,Qwen2.5-7B-Instruct,gemma-7b-spark,-0.06358176343114047
128,bert_score_P,Mistral-7B-Instruct-v0.3,Phi-4-mini-instruct,-0.12410855458941727
128,bert_score_P,Mistral-7B-Instruct-v0.3,Qwen2.5-7B-Instruct,-0.00357366932537706
128,bert_score_P,Mistral-7B-Instruct-v0.3,gemma-7b-spark,-0.04488071751045142
128,bert_score_P,Phi-4-mini-instruct,Qwen2.5-7B-Instruct,0.12053488526404021
128,bert_score_P,Phi-4-mini-instruct,gemma-7b-spark,0.07922783707896586
128,bert_score_P,Qwen2.5-7B-Instruct,gemma-7b-spark,-0.04130704818507436
128,bert_score_R,Mistral-7B-Instruct-v0.3,Phi-4-mini-instruct,0.017744182937537434
128,bert_score_R,Mistral-7B-Instruct-v0.3,Qwen2.5-7B-Instruct,0.025925170704796496
128,bert_score_R,Mistral-7B-Instruct-v0.3,gemma-7b-spark,-0.05976562619693793
128,bert_score_R,Phi-4-mini-instruct,Qwen2.5-7B-Instruct,0.008180987767259063
128,bert_score_R,Phi-4-mini-instruct,gemma-7b-spark,-0.07750980913447536
128,bert_score_R,Qwen2.5-7B-Instruct,gemma-7b-spark,-0.08569079690173442
128,bert_score_F1,Mistral-7B-Instruct-v0.3,Phi-4-mini-instruct,-0.04208490126661113
128,bert_score_F1,Mistral-7B-Instruct-v0.3,Qwen2.5-7B-Instruct,0.018259443066816705
128,bert_score_F1,Mistral-7B-Instruct-v0.3,gemma-7b-spark,-0.05900877450419184
128,bert_score_F1,Phi-4-mini-instruct,Qwen2.5-7B-Instruct,0.060344344333427835
128,bert_score_F1,Phi-4-mini-instruct,gemma-7b-spark,-0.01692387323758071
128,bert_score_F1,Qwen2.5-7B-Instruct,gemma-7b-spark,-0.07726821757100855
128,sts_score,Mistral-7B-Instruct-v0.3,Phi-4-mini-instruct,0.013302151270474405
128,sts_score,Mistral-7B-Instruct-v0.3,Qwen2.5-7B-Instruct,0.04162263450865067
128,sts_score,Mistral-7B-Instruct-v0.3,gemma-7b-spark,-0.1016310753592552
128,sts_score,Phi-4-mini-instruct,Qwen2.5-7B-Instruct,0.028320483238176264
128,sts_score,Phi-4-mini-instruct,gemma-7b-spark,-0.1149332266297296
128,sts_score,Qwen2.5-7B-Instruct,gemma-7b-spark,-0.14325370986790587
256,rouge1,Mistral-7B-Instruct-v0.3,Phi-4-mini-instruct,0.12016160267957154
256,rouge1,Mistral-7B-Instruct-v0.3,Qwen2.5-7B-Instruct,0.041638623285298326
256,rouge1,Mistral-7B-Instruct-v0.3,gemma-7b-spark,-0.032526745564650905
256,rouge1,Phi-4-mini-instruct,Qwen2.5-7B-Instruct,-0.07852297939427322
256,rouge1,Phi-4-mini-instruct,gemma-7b-spark,-0.15268834824422245
256,rouge1,Qwen2.5-7B-Instruct,gemma-7b-spark,-0.07416536884994923
256,rouge2,Mistral-7B-Instruct-v0.3,Phi-4-mini-instruct,-0.0006531809413292955
256,rouge2,Mistral-7B-Instruct-v0.3,Qwen2.5-7B-Instruct,0.006135790218645187
256,rouge2,Mistral-7B-Instruct-v0.3,gemma-7b-spark,-0.035677186862442006
256,rouge2,Phi-4-mini-instruct,Qwen2.5-7B-Instruct,0.006788971159974483
256,rouge2,Phi-4-mini-instruct,gemma-7b-spark,-0.03502400592111271
256,rouge2,Qwen2.5-7B-Instruct,gemma-7b-spark,-0.041812977081087194
256,rougeL,Mistral-7B-Instruct-v0.3,Phi-4-mini-instruct,0.012039843319510024
256,rougeL,Mistral-7B-Instruct-v0.3,Qwen2.5-7B-Instruct,0.02484716953994881
256,rougeL,Mistral-7B-Instruct-v0.3,gemma-7b-spark,-0.02602813743146065
256,rougeL,Phi-4-mini-instruct,Qwen2.5-7B-Instruct,0.012807326220438786
256,rougeL,Phi-4-mini-instruct,gemma-7b-spark,-0.038067980750970676
256,rougeL,Qwen2.5-7B-Instruct,gemma-7b-spark,-0.05087530697140946
256,rougeLsum,Mistral-7B-Instruct-v0.3,Phi-4-mini-instruct,0.09216177698687072
256,rougeLsum,Mistral-7B-Instruct-v0.3,Qwen2.5-7B-Instruct,0.03441670295413857
256,rougeLsum,Mistral-7B-Instruct-v0.3,gemma-7b-spark,-0.027789249036525743
256,rougeLsum,Phi-4-mini-instruct,Qwen2.5-7B-Instruct,-0.05774507403273216
256,rougeLsum,Phi-4-mini-instruct,gemma-7b-spark,-0.11995102602339647
256,rougeLsum,Qwen2.5-7B-Instruct,gemma-7b-spark,-0.06220595199066431
256,bert_score_P,Mistral-7B-Instruct-v0.3,Phi-4-mini-instruct,-0.07090750675637958
256,bert_score_P,Mistral-7B-Instruct-v0.3,Qwen2.5-7B-Instruct,-0.004571783086275927
256,bert_score_P,Mistral-7B-Instruct-v0.3,gemma-7b-spark,-0.05159788821864164
256,bert_score_P,Phi-4-mini-instruct,Qwen2.5-7B-Instruct,0.06633572367010365
256,bert_score_P,Phi-4-mini-instruct,gemma-7b-spark,0.019309618537737938
256,bert_score_P,Qwen2.5-7B-Instruct,gemma-7b-spark,-0.047026105132365714
256,bert_score_R,Mistral-7B-Instruct-v0.3,Phi-4-mini-instruct,0.06554140658423807
256,bert_score_R,Mistral-7B-Instruct-v0.3,Qwen2.5-7B-Instruct,0.03914229113569706
256,bert_score_R,Mistral-7B-Instruct-v0.3,gemma-7b-spark,-0.03821545628138817
256,bert_score_R,Phi-4-mini-instruct,Qwen2.5-7B-Instruct,-0.02639911544854101
256,bert_score_R,Phi-4-mini-instruct,gemma-7b-spark,-0.10375686286562624
256,bert_score_R,Qwen2.5-7B-Instruct,gemma-7b-spark,-0.07735774741708523
256,bert_score_F1,Mistral-7B-Instruct-v0.3,Phi-4-mini-instruct,0.018638834486374822
256,bert_score_F1,Mistral-7B-Instruct-v0.3,Qwen2.5-7B-Instruct,0.02779392724595553
256,bert_score_F1,Mistral-7B-Instruct-v0.3,gemma-7b-spark,-0.04835923375749929
256,bert_score_F1,Phi-4-mini-instruct,Qwen2.5-7B-Instruct,0.009155092759580707
256,bert_score_F1,Phi-4-mini-instruct,gemma-7b-spark,-0.06699806824387411
256,bert_score_F1,Qwen2.5-7B-Instruct,gemma-7b-spark,-0.07615316100345482
256,sts_score,Mistral-7B-Instruct-v0.3,Phi-4-mini-instruct,0.07782003797097548
256,sts_score,Mistral-7B-Instruct-v0.3,Qwen2.5-7B-Instruct,0.060279353697877625
256,sts_score,Mistral-7B-Instruct-v0.3,gemma-7b-spark,-0.08799196082109095
256,sts_score,Phi-4-mini-instruct,Qwen2.5-7B-Instruct,-0.01754068427309785
256,sts_score,Phi-4-mini-instruct,gemma-7b-spark,-0.16581199879206643
256,sts_score,Qwen2.5-7B-Instruct,gemma-7b-spark,-0.14827131451896858
512,rouge1,Mistral-7B-Instruct-v0.3,Phi-4-mini-instruct,0.13865393220724614
512,rouge1,Mistral-7B-Instruct-v0.3,Qwen2.5-7B-Instruct,0.06045665835165637
512,rouge1,Mistral-7B-Instruct-v0.3,gemma-7b-spark,0.02068186896682725
512,rouge1,Phi-4-mini-instruct,Qwen2.5-7B-Instruct,-0.07819727385558978
512,rouge1,Phi-4-mini-instruct,gemma-7b-spark,-0.1179720632404189
512,rouge1,Qwen2.5-7B-Instruct,gemma-7b-spark,-0.03977478938482912
512,rouge2,Mistral-7B-Instruct-v0.3,Phi-4-mini-instruct,0.030178232788376946
512,rouge2,Mistral-7B-Instruct-v0.3,Qwen2.5-7B-Instruct,0.034635846047480184
512,rouge2,Mistral-7B-Instruct-v0.3,gemma-7b-spark,0.012651529711166537
512,rouge2,Phi-4-mini-instruct,Qwen2.5-7B-Instruct,0.004457613259103238
512,rouge2,Phi-4-mini-instruct,gemma-7b-spark,-0.01752670307721041
512,rouge2,Qwen2.5-7B-Instruct,gemma-7b-spark,-0.021984316336313647
512,rougeL,Mistral-7B-Instruct-v0.3,Phi-4-mini-instruct,0.044573202431452325
512,rougeL,Mistral-7B-Instruct-v0.3,Qwen2.5-7B-Instruct,0.04976662715071664
512,rougeL,Mistral-7B-Instruct-v0.3,gemma-7b-spark,0.023445756385383265
512,rougeL,Phi-4-mini-instruct,Qwen2.5-7B-Instruct,0.005193424719264317
512,rougeL,Phi-4-mini-instruct,gemma-7b-spark,-0.02112744604606906
512,rougeL,Qwen2.5-7B-Instruct,gemma-7b-spark,-0.026320870765333376
512,rougeLsum,Mistral-7B-Instruct-v0.3,Phi-4-mini-instruct,0.12171604722604584
512,rougeLsum,Mistral-7B-Instruct-v0.3,Qwen2.5-7B-Instruct,0.055313948309848426
512,rougeLsum,Mistral-7B-Instruct-v0.3,gemma-7b-spark,0.022104778851117363
512,rougeLsum,Phi-4-mini-instruct,Qwen2.5-7B-Instruct,-0.06640209891619742
512,rougeLsum,Phi-4-mini-instruct,gemma-7b-spark,-0.09961126837492848
512,rougeLsum,Qwen2.5-7B-Instruct,gemma-7b-spark,-0.033209169458731064
512,bert_score_P,Mistral-7B-Instruct-v0.3,Phi-4-mini-instruct,-0.047030113481977276
512,bert_score_P,Mistral-7B-Instruct-v0.3,Qwen2.5-7B-Instruct,0.01674541177064537
512,bert_score_P,Mistral-7B-Instruct-v0.3,gemma-7b-spark,-0.01744854199646484
512,bert_score_P,Phi-4-mini-instruct,Qwen2.5-7B-Instruct,0.06377552525262264
512,bert_score_P,Phi-4-mini-instruct,gemma-7b-spark,0.029581571485512437
512,bert_score_P,Qwen2.5-7B-Instruct,gemma-7b-spark,-0.03419395376711021
512,bert_score_R,Mistral-7B-Instruct-v0.3,Phi-4-mini-instruct,0.06691571059554147
512,bert_score_R,Mistral-7B-Instruct-v0.3,Qwen2.5-7B-Instruct,0.05208269661028053
512,bert_score_R,Mistral-7B-Instruct-v0.3,gemma-7b-spark,0.004604715148732896
512,bert_score_R,Phi-4-mini-instruct,Qwen2.5-7B-Instruct,-0.014833013985260934
512,bert_score_R,Phi-4-mini-instruct,gemma-7b-spark,-0.06231099544680857
512,bert_score_R,Qwen2.5-7B-Instruct,gemma-7b-spark,-0.047477981461547636
512,bert_score_F1,Mistral-7B-Instruct-v0.3,Phi-4-mini-instruct,0.03238022362442439
512,bert_score_F1,Mistral-7B-Instruct-v0.3,Qwen2.5-7B-Instruct,0.045607736887554484
512,bert_score_F1,Mistral-7B-Instruct-v0.3,gemma-7b-spark,-0.0024888108301247547
512,bert_score_F1,Phi-4-mini-instruct,Qwen2.5-7B-Instruct,0.013227513263130097
512,bert_score_F1,Phi-4-mini-instruct,gemma-7b-spark,-0.03486903445454914
512,bert_score_F1,Qwen2.5-7B-Instruct,gemma-7b-spark,-0.04809654771767924
512,sts_score,Mistral-7B-Instruct-v0.3,Phi-4-mini-instruct,0.042936103463790065
512,sts_score,Mistral-7B-Instruct-v0.3,Qwen2.5-7B-Instruct,0.10741114091308168
512,sts_score,Mistral-7B-Instruct-v0.3,gemma-7b-spark,-0.0051700058273880245
512,sts_score,Phi-4-mini-instruct,Qwen2.5-7B-Instruct,0.06447503744929162
512,sts_score,Phi-4-mini-instruct,gemma-7b-spark,-0.04810610929117809
512,sts_score,Qwen2.5-7B-Instruct,gemma-7b-spark,-0.1125811467404697
1024,rouge1,Mistral-7B-Instruct-v0.3,Phi-4-mini-instruct,0.057918015892074806
1024,rouge1,Mistral-7B-Instruct-v0.3,Qwen2.5-7B-Instruct,0.05311135130589141
1024,rouge1,Mistral-7B-Instruct-v0.3,gemma-7b-spark,0.002157331380593999
1024,rouge1,Phi-4-mini-instruct,Qwen2.5-7B-Instruct,-0.004806664586183396
1024,rouge1,Phi-4-mini-instruct,gemma-7b-spark,-0.05576068451148081
1024,rouge1,Qwen2.5-7B-Instruct,gemma-7b-spark,-0.05095401992529741
1024,rouge2,Mistral-7B-Instruct-v0.3,Phi-4-mini-instruct,-0.006721554044065103
1024,rouge2,Mistral-7B-Instruct-v0.3,Qwen2.5-7B-Instruct,0.030650632179152273
1024,rouge2,Mistral-7B-Instruct-v0.3,gemma-7b-spark,-0.007936453385886819
1024,rouge2,Phi-4-mini-instruct,Qwen2.5-7B-Instruct,0.03737218622321738
1024,rouge2,Phi-4-mini-instruct,gemma-7b-spark,-0.0012148993418217152
1024,rouge2,Qwen2.5-7B-Instruct,gemma-7b-spark,-0.03858708556503909
1024,rougeL,Mistral-7B-Instruct-v0.3,Phi-4-mini-instruct,0.007189347337358543
1024,rougeL,Mistral-7B-Instruct-v0.3,Qwen2.5-7B-Instruct,0.03722080950244365
1024,rougeL,Mistral-7B-Instruct-v0.3,gemma-7b-spark,0.0006520866935324499
1024,rougeL,Phi-4-mini-instruct,Qwen2.5-7B-Instruct,0.030031462165085107
1024,rougeL,Phi-4-mini-instruct,gemma-7b-spark,-0.006537260643826093
1024,rougeL,Qwen2.5-7B-Instruct,gemma-7b-spark,-0.0365687228089112
1024,rougeLsum,Mistral-7B-Instruct-v0.3,Phi-4-mini-instruct,0.05065021285680925
1024,rougeLsum,Mistral-7B-Instruct-v0.3,Qwen2.5-7B-Instruct,0.049751740892093846
1024,rougeLsum,Mistral-7B-Instruct-v0.3,gemma-7b-spark,0.0026925799667010947
1024,rougeLsum,Phi-4-mini-instruct,Qwen2.5-7B-Instruct,-0.0008984719647154027
1024,rougeLsum,Phi-4-mini-instruct,gemma-7b-spark,-0.047957632890108154
1024,rougeLsum,Qwen2.5-7B-Instruct,gemma-7b-spark,-0.04705916092539275
1024,bert_score_P,Mistral-7B-Instruct-v0.3,Phi-4-mini-instruct,-0.08703278139543869
1024,bert_score_P,Mistral-7B-Instruct-v0.3,Qwen2.5-7B-Instruct,0.011255762966860483
1024,bert_score_P,Mistral-7B-Instruct-v0.3,gemma-7b-spark,-0.03164642782894733
1024,bert_score_P,Phi-4-mini-instruct,Qwen2.5-7B-Instruct,0.09828854436229917
1024,bert_score_P,Phi-4-mini-instruct,gemma-7b-spark,0.05538635356649135
1024,bert_score_P,Qwen2.5-7B-Instruct,gemma-7b-spark,-0.042902190795807815
1024,bert_score_R,Mistral-7B-Instruct-v0.3,Phi-4-mini-instruct,0.007307688980306037
1024,bert_score_R,Mistral-7B-Instruct-v0.3,Qwen2.5-7B-Instruct,0.06057803684769841
1024,bert_score_R,Mistral-7B-Instruct-v0.3,gemma-7b-spark,-0.0203299365354227
1024,bert_score_R,Phi-4-mini-instruct,Qwen2.5-7B-Instruct,0.053270347867392376
1024,bert_score_R,Phi-4-mini-instruct,gemma-7b-spark,-0.027637625515728736
1024,bert_score_R,Qwen2.5-7B-Instruct,gemma-7b-spark,-0.08090797338312111
1024,bert_score_F1,Mistral-7B-Instruct-v0.3,Phi-4-mini-instruct,-0.023584929327344017
1024,bert_score_F1,Mistral-7B-Instruct-v0.3,Qwen2.5-7B-Instruct,0.04826153592605076
1024,bert_score_F1,Mistral-7B-Instruct-v0.3,gemma-7b-spark,-0.02577944626015305
1024,bert_score_F1,Phi-4-mini-instruct,Qwen2.5-7B-Instruct,0.07184646525339478
1024,bert_score_F1,Phi-4-mini-instruct,gemma-7b-spark,-0.002194516932809032
1024,bert_score_F1,Qwen2.5-7B-Instruct,gemma-7b-spark,-0.07404098218620381
1024,sts_score,Mistral-7B-Instruct-v0.3,Phi-4-mini-instruct,-0.03509254315083277
1024,sts_score,Mistral-7B-Instruct-v0.3,Qwen2.5-7B-Instruct,0.08511467515522064
1024,sts_score,Mistral-7B-Instruct-v0.3,gemma-7b-spark,-0.04984458863646002
1024,sts_score,Phi-4-mini-instruct,Qwen2.5-7B-Instruct,0.12020721830605341
1024,sts_score,Phi-4-mini-instruct,gemma-7b-spark,-0.014752045485627252
1024,sts_score,Qwen2.5-7B-Instruct,gemma-7b-spark,-0.13495926379168066
