chunk_size,questions_num,qa_count_mismatch,total_questions,max_tokens,total_chunks,success_count,fail_count,repeat_count,duplicate_count,elapsed_time_sec,Machine,Model,questions_per_sec,success_rate
128,0,3,1625,128,1800,811,989,0,16,7846.812949,Lab Machine,gemma-7b,0.20709044685550845,0.45055555555555554
128,0,11,2268,256,1800,1127,673,2,20,11092.95897,Lab Machine,gemma-7b,0.2044540150318432,0.6261111111111111
128,0,15,2492,512,1800,1233,567,4,20,14659.033865,Lab Machine,gemma-7b,0.1699975607498878,0.685
128,0,16,2504,1024,1800,1237,563,4,20,20796.042703,Lab Machine,gemma-7b,0.12040752347747283,0.6872222222222222
128,0,16,2504,2048,1800,1237,563,4,20,33171.652108,Lab Machine,gemma-7b,0.0754861407519739,0.6872222222222222
256,0,0,1138,128,1800,569,1231,0,10,7773.415207,Lab Machine,gemma-7b,0.14639639974141935,0.3161111111111111
256,0,5,1738,256,1800,864,936,3,10,11118.868429,Lab Machine,gemma-7b,0.15631087022011922,0.48
256,0,10,2064,512,1800,1021,779,3,10,14783.29415,Lab Machine,gemma-7b,0.13961705551262402,0.5672222222222222
256,0,12,2112,1024,1800,1042,758,5,10,20068.535107,Lab Machine,gemma-7b,0.10523937042436766,0.5788888888888889
256,0,12,2114,2048,1800,1043,757,7,10,30650.380008,Lab Machine,gemma-7b,0.06897141240820599,0.5794444444444444
512,0,1,911,128,1622,455,1167,2,2,6547.540419,Lab Machine,gemma-7b,0.1391362163044327,0.280517879161529
512,0,2,1324,256,1622,661,961,6,2,9556.369489,Lab Machine,gemma-7b,0.1385463382850579,0.407521578298397
512,0,8,1573,512,1622,781,841,6,2,13226.464144,Lab Machine,gemma-7b,0.11892823228296956,0.4815043156596794
512,0,10,1618,1024,1622,801,821,6,2,18277.761898,Lab Machine,gemma-7b,0.08852287326147112,0.4938347718865598
512,0,10,1618,2048,1622,801,821,6,2,27698.356047,Lab Machine,gemma-7b,0.058415019189387775,0.4938347718865598
1024,0,1,285,128,910,142,768,2,0,3396.952469,Lab Machine,gemma-7b,0.08389873058303307,0.15604395604395604
1024,0,4,517,256,910,256,654,4,0,5255.348345,Lab Machine,gemma-7b,0.09837597168832392,0.2813186813186813
1024,0,15,655,512,910,315,595,10,2,7747.184735,Lab Machine,gemma-7b,0.08454684151790787,0.34615384615384615
1024,0,22,708,1024,910,333,577,14,2,11738.535174,Lab Machine,gemma-7b,0.06031416948582889,0.3659340659340659
1024,0,23,726,2048,910,339,571,16,2,19119.563164,Lab Machine,gemma-7b,0.03797157883643371,0.37252747252747254
128,0,4,1616,128,1800,806,994,0,18,63003.417661,DGX Spark,gemma-7b,0.025649402206958792,0.4477777777777778
128,0,14,2278,256,1800,1128,672,2,22,106679.243396,DGX Spark,gemma-7b,0.021353732248961702,0.6266666666666667
128,0,12,1115,512,900,544,356,1,4,77767.54799,DGX Spark,gemma-7b,0.014337600050645494,0.6044444444444445
128,0,13,1123,1024,900,546,354,1,4,111455.096417,DGX Spark,gemma-7b,0.010075806635152769,0.6066666666666667
128,0,20,2509,2048,1800,1235,565,4,22,322180.108492,DGX Spark,gemma-7b,0.007787569542215547,0.6861111111111111
256,0,0,1152,128,1800,576,1224,0,10,76914.66544,DGX Spark,gemma-7b,0.014977637793908866,0.32
256,0,3,1337,256,1228,666,561,4,10,0.000324,DGX Spark,gemma-7b,4126543.209876543,0.5423452768729642
256,0,8,2068,512,1800,1025,775,5,10,154229.020206,DGX Spark,gemma-7b,0.013408630861026168,0.5694444444444444
256,0,8,2110,1024,1800,1046,754,7,10,207219.442466,DGX Spark,gemma-7b,0.010182442221106753,0.5811111111111111
256,0,8,2112,2048,1800,1047,753,9,10,305783.412977,DGX Spark,gemma-7b,0.006906849457393091,0.5816666666666667
512,0,1,885,128,1622,442,1180,2,2,66850.742771,DGX Spark,gemma-7b,0.013238446774355286,0.2725030826140567
512,0,3,1345,256,1622,671,951,6,2,98729.404811,DGX Spark,gemma-7b,0.013623094381808185,0.41368680641183725
512,0,1,501,512,722,250,472,0,2,48718.082117,DGX Spark,gemma-7b,0.010283656051911326,0.3462603878116344
512,0,9,1649,1024,1622,817,805,6,2,181674.633875,DGX Spark,gemma-7b,0.009076666152164,0.5036991368680641
128,0,0,12,128,1800,6,1794,0,0,7376.423312,Lab Machine,microsoft-phi-4,0.0016268046846604294,0.0033333333333333335
128,0,0,116,256,1800,58,1742,0,0,14683.881848,Lab Machine,microsoft-phi-4,0.007899818399573927,0.03222222222222222
128,0,0,1194,512,1800,597,1203,0,0,25124.095474,Lab Machine,microsoft-phi-4,0.04752409897644381,0.33166666666666667
128,0,6,1629,1024,1800,810,990,0,0,26850.141311,Lab Machine,microsoft-phi-4,0.06067007175610764,0.45
128,0,7,1633,2048,1800,811,989,0,0,27218.550136,Lab Machine,microsoft-phi-4,0.059995848119777304,0.45055555555555554
256,0,0,28,128,1800,14,1786,0,0,7396.554871,Lab Machine,microsoft-phi-4,0.0037855461749876063,0.0077777777777777776
256,0,1,134,256,1800,66,1734,0,0,14619.044634,Lab Machine,microsoft-phi-4,0.009166125650122972,0.03666666666666667
256,0,1,2126,512,1800,1062,738,0,0,24050.98635,Lab Machine,microsoft-phi-4,0.08839554307925504,0.59
256,0,4,2787,1024,1800,1391,409,0,0,25015.526202,Lab Machine,microsoft-phi-4,0.1114108085312704,0.7727777777777778
256,0,4,2789,2048,1800,1392,408,0,0,25180.509764,Lab Machine,microsoft-phi-4,0.11076026760933053,0.7733333333333333
512,0,0,30,128,1622,15,1607,0,0,6469.285825,Lab Machine,microsoft-phi-4,0.004637297038889142,0.009247842170160296
512,0,0,220,256,1622,110,1512,0,0,12691.961979,Lab Machine,microsoft-phi-4,0.017333805471841934,0.06781750924784218
512,0,2,2424,512,1622,1211,411,0,0,20323.251693,Lab Machine,microsoft-phi-4,0.11927225212857576,0.7466091245376079
512,0,8,2946,1024,1622,1462,160,0,0,21061.329948,Lab Machine,microsoft-phi-4,0.13987720658066774,0.9013563501849569
512,0,8,2946,2048,1622,1462,160,0,0,21010.492606,Lab Machine,microsoft-phi-4,0.14021565582706547,0.9013563501849569
1024,0,0,14,128,910,7,903,0,0,3648.833735,Lab Machine,microsoft-phi-4,0.0038368424041113507,0.007692307692307693
1024,0,0,104,256,910,52,858,0,0,7045.12383,Lab Machine,microsoft-phi-4,0.014761983253884125,0.05714285714285714
1024,0,2,1305,512,910,649,261,0,0,11373.039009,Lab Machine,microsoft-phi-4,0.11474505617779861,0.7131868131868132
1024,0,13,1572,1024,910,775,135,0,0,11820.082521,Lab Machine,microsoft-phi-4,0.13299399536400242,0.8516483516483516
1024,0,14,1578,2048,910,776,134,0,0,11933.212878,Lab Machine,microsoft-phi-4,0.13223597166436135,0.8527472527472527
128,0,0,10,128,1800,5,1795,0,0,46705.089945,DGX Spark,microsoft-phi-4,0.00021410942601279685,0.002777777777777778
128,0,0,106,256,1800,53,1747,0,0,99701.064955,DGX Spark,microsoft-phi-4,0.0010631782122672714,0.029444444444444443
128,0,0,426,512,900,213,687,0,0,94012.032716,DGX Spark,microsoft-phi-4,0.004531334848241172,0.23666666666666666
128,0,4,626,1024,900,310,590,0,0,100407.861892,DGX Spark,microsoft-phi-4,0.006234571558483475,0.34444444444444444
128,0,7,1613,2048,1800,801,999,0,0,187639.134881,DGX Spark,microsoft-phi-4,0.00859628776812981,0.445
256,0,0,28,128,1800,14,1786,0,0,51759.326962,DGX Spark,microsoft-phi-4,0.0005409653031338039,0.0077777777777777776
256,0,1,126,256,1800,62,1738,0,0,103913.579612,DGX Spark,microsoft-phi-4,0.001212546045189357,0.034444444444444444
256,0,0,1730,512,1477,865,611,0,0,0.000171,DGX Spark,microsoft-phi-4,10116959.064327484,0.5856465809072444
256,0,4,2771,1024,1800,1383,417,0,0,195812.423726,DGX Spark,microsoft-phi-4,0.014151298203006034,0.7683333333333333
256,0,5,2780,2048,1800,1386,414,0,0,197939.660305,DGX Spark,microsoft-phi-4,0.014044684100782892,0.77
512,0,0,30,128,1622,15,1607,0,0,51234.737047,DGX Spark,microsoft-phi-4,0.0005855402355725883,0.009247842170160296
512,0,0,210,256,1622,105,1517,0,0,99350.511436,DGX Spark,microsoft-phi-4,0.0021137284243904334,0.06473489519112208
512,0,0,2422,512,1622,1211,411,0,0,154782.468727,DGX Spark,microsoft-phi-4,0.015647766959136958,0.7466091245376079
512,0,5,2806,1024,1542,1394,147,0,0,0.000164,DGX Spark,microsoft-phi-4,17109756.097560976,0.9040207522697795
512,0,5,2960,2048,1622,1471,151,0,0,159460.702265,DGX Spark,microsoft-phi-4,0.018562567190259328,0.906905055487053
1024,0,0,14,128,910,7,903,0,0,28624.817001,DGX Spark,microsoft-phi-4,0.0004890860961490484,0.007692307692307693
1024,0,0,100,256,910,50,860,0,0,56344.211458,DGX Spark,microsoft-phi-4,0.0017748052091303439,0.054945054945054944
128,0,0,160,128,1800,80,1720,0,0,8248.257175,Lab Machine,Mistral-7B-Instruct-v0.3,0.019398037258701258,0.044444444444444446
128,0,25,2374,256,1800,1174,626,0,0,13810.296122,Lab Machine,Mistral-7B-Instruct-v0.3,0.1719007310942583,0.6522222222222223
128,0,60,1836,512,900,868,32,0,0,7728.286165,Lab Machine,Mistral-7B-Instruct-v0.3,0.23756884266461423,0.9644444444444444
128,0,111,3758,1024,1800,1782,18,0,0,15393.972555,Lab Machine,Mistral-7B-Instruct-v0.3,0.24412152136645146,0.99
128,0,112,3764,2048,1800,1783,17,0,0,15392.440439,Lab Machine,Mistral-7B-Instruct-v0.3,0.2445356222047227,0.9905555555555555
256,0,0,104,128,1800,52,1748,0,0,8326.57844,Lab Machine,Mistral-7B-Instruct-v0.3,0.012490124334912289,0.028888888888888888
256,0,15,1912,256,1800,945,855,0,0,14787.877539,Lab Machine,Mistral-7B-Instruct-v0.3,0.12929509288655464,0.525
256,0,38,1768,512,900,848,52,0,0,8706.912364,Lab Machine,Mistral-7B-Instruct-v0.3,0.20305705697809182,0.9422222222222222
256,0,49,1874,1024,900,882,18,2,0,8924.599589,Lab Machine,Mistral-7B-Instruct-v0.3,0.20998140939676394,0.98
256,0,99,3774,2048,1800,1778,22,2,0,17703.470668,Lab Machine,Mistral-7B-Instruct-v0.3,0.21317853830897196,0.9877777777777778
512,0,0,84,128,1622,42,1580,0,0,7724.579014,Lab Machine,Mistral-7B-Instruct-v0.3,0.01087437902412011,0.025893958076448828
512,0,2,1477,256,1622,737,885,0,0,13806.689769,Lab Machine,Mistral-7B-Instruct-v0.3,0.10697712664742355,0.45437731196054254
512,0,27,3149,512,1622,1551,71,0,0,16822.669664,Lab Machine,Mistral-7B-Instruct-v0.3,0.18718788770719097,0.9562268803945746
512,0,45,3291,1024,1622,1599,23,0,0,17085.40266,Lab Machine,Mistral-7B-Instruct-v0.3,0.19262057005567818,0.9858199753390875
512,0,46,3300,2048,1622,1601,21,0,0,17093.491086,Lab Machine,Mistral-7B-Instruct-v0.3,0.19305594061489187,0.9870530209617756
1024,0,0,58,128,910,29,881,0,0,4627.558752,Lab Machine,Mistral-7B-Instruct-v0.3,0.01253360640206519,0.031868131868131866
1024,0,1,787,256,910,393,517,0,0,8267.548161,Lab Machine,Mistral-7B-Instruct-v0.3,0.09519146241112535,0.4318681318681319
1024,0,19,1755,512,910,864,46,0,0,10267.249211,Lab Machine,Mistral-7B-Instruct-v0.3,0.17093185954030896,0.9494505494505494
1024,0,28,1827,1024,910,889,21,0,0,21562.676733,Lab Machine,Mistral-7B-Instruct-v0.3,0.084729740311133,0.9769230769230769
1024,0,7,717,2048,358,346,12,0,0,3932.080644,Lab Machine,Mistral-7B-Instruct-v0.3,0.18234620927576276,0.9664804469273743
128,0,0,156,128,1800,78,1722,0,0,66837.042874,DGX Spark,Mistral-7B-Instruct-v0.3,0.002334035039432974,0.043333333333333335
128,0,24,2361,256,1800,1168,631,0,0,0.00025,DGX Spark,Mistral-7B-Instruct-v0.3,9444000.0,0.6488888888888888
128,0,111,3759,2048,1800,1781,19,0,0,136586.816152,DGX Spark,Mistral-7B-Instruct-v0.3,0.027520957775432835,0.9894444444444445
256,0,0,104,128,1800,52,1748,0,0,70049.111412,DGX Spark,Mistral-7B-Instruct-v0.3,0.0014846726518529959,0.028888888888888888
256,0,15,1906,256,1800,942,858,0,0,125636.29198,DGX Spark,Mistral-7B-Instruct-v0.3,0.015170775656952814,0.5233333333333333
256,0,67,3561,512,1800,1723,77,0,0,152320.490765,DGX Spark,Mistral-7B-Instruct-v0.3,0.023378338542080393,0.9572222222222222
256,0,66,2567,1024,1223,1214,8,0,0,0.000281,DGX Spark,Mistral-7B-Instruct-v0.3,9135231.316725979,0.9926410466067048
256,0,96,3770,2048,1800,1780,20,2,0,162189.185883,DGX Spark,Mistral-7B-Instruct-v0.3,0.02324445973062348,0.9888888888888889
512,0,0,86,128,1622,43,1579,0,0,70237.523899,DGX Spark,Mistral-7B-Instruct-v0.3,0.0012244167394577588,0.02651048088779285
512,0,2,1495,256,1622,746,876,0,0,124755.695487,DGX Spark,Mistral-7B-Instruct-v0.3,0.011983420830320203,0.4599260172626387
512,0,27,3155,512,1622,1554,68,0,0,150633.294363,DGX Spark,Mistral-7B-Instruct-v0.3,0.020944904732661557,0.9580764488286067
512,0,46,3299,1024,1622,1602,20,0,0,145703.552043,DGX Spark,Mistral-7B-Instruct-v0.3,0.022641863933601288,0.9876695437731196
512,0,47,3308,2048,1622,1604,18,0,0,147591.732768,DGX Spark,Mistral-7B-Instruct-v0.3,0.022413179505114,0.9889025893958077
1024,0,0,56,128,910,28,882,0,0,39294.138565,DGX Spark,Mistral-7B-Instruct-v0.3,0.0014251489419310037,0.03076923076923077
1024,0,0,358,256,358,179,179,0,0,25605.191035,DGX Spark,Mistral-7B-Instruct-v0.3,0.013981539895978362,0.5
1024,0,19,1757,512,910,865,45,0,0,84584.84701,DGX Spark,Mistral-7B-Instruct-v0.3,0.02077204206318751,0.9505494505494505
1024,0,28,1831,1024,910,891,19,0,0,86266.209119,DGX Spark,Mistral-7B-Instruct-v0.3,0.021224996655112377,0.9791208791208791
1024,0,31,1859,2048,910,894,16,0,0,86957.74836,DGX Spark,Mistral-7B-Instruct-v0.3,0.021378198436139913,0.9824175824175824
