chunk_size,questions_num,qa_count_mismatch,total_questions,max_tokens,total_chunks,success_count,fail_count,repeat_count,duplicate_count,elapsed_time_sec,Model,Machine,success_rate,throughput
128,0,3,1625,128,1800,811,989,0,16,7846.812949,gemma-7b,Lab Machine,0.45055555555555554,0.20709044685550845
128,0,11,2268,256,1800,1127,673,2,20,11092.95897,gemma-7b,Lab Machine,0.6261111111111111,0.2044540150318432
128,0,15,2492,512,1800,1233,567,4,20,14659.033865,gemma-7b,Lab Machine,0.685,0.1699975607498878
128,0,16,2504,1024,1800,1237,563,4,20,20796.042703,gemma-7b,Lab Machine,0.6872222222222222,0.12040752347747283
128,0,16,2504,2048,1800,1237,563,4,20,33171.652108,gemma-7b,Lab Machine,0.6872222222222222,0.0754861407519739
256,0,0,1138,128,1800,569,1231,0,10,7773.415207,gemma-7b,Lab Machine,0.3161111111111111,0.14639639974141935
256,0,5,1738,256,1800,864,936,3,10,11118.868429,gemma-7b,Lab Machine,0.48,0.15631087022011922
256,0,10,2064,512,1800,1021,779,3,10,14783.29415,gemma-7b,Lab Machine,0.5672222222222222,0.13961705551262402
256,0,12,2112,1024,1800,1042,758,5,10,20068.535107,gemma-7b,Lab Machine,0.5788888888888889,0.10523937042436766
256,0,12,2114,2048,1800,1043,757,7,10,30650.380008,gemma-7b,Lab Machine,0.5794444444444444,0.06897141240820599
512,0,1,911,128,1622,455,1167,2,2,6547.540419,gemma-7b,Lab Machine,0.280517879161529,0.1391362163044327
512,0,2,1324,256,1622,661,961,6,2,9556.369489,gemma-7b,Lab Machine,0.407521578298397,0.1385463382850579
512,0,8,1573,512,1622,781,841,6,2,13226.464144,gemma-7b,Lab Machine,0.4815043156596794,0.11892823228296956
512,0,10,1618,1024,1622,801,821,6,2,18277.761898,gemma-7b,Lab Machine,0.4938347718865598,0.08852287326147112
512,0,10,1618,2048,1622,801,821,6,2,27698.356047,gemma-7b,Lab Machine,0.4938347718865598,0.058415019189387775
128,0,4,1616,128,1800,806,994,0,18,63003.417661,gemma-7b,DGX Spark,0.4477777777777778,0.025649402206958792
128,0,14,2278,256,1800,1128,672,2,22,106679.243396,gemma-7b,DGX Spark,0.6266666666666667,0.021353732248961702
128,0,12,1115,512,900,544,356,1,4,77767.54799,gemma-7b,DGX Spark,0.6044444444444445,0.014337600050645494
128,0,13,1123,1024,900,546,354,1,4,111455.096417,gemma-7b,DGX Spark,0.6066666666666667,0.010075806635152769
128,0,20,2509,2048,1800,1235,565,4,22,322180.108492,gemma-7b,DGX Spark,0.6861111111111111,0.007787569542215547
256,0,0,1152,128,1800,576,1224,0,10,76914.66544,gemma-7b,DGX Spark,0.32,0.014977637793908866
256,0,8,2068,512,1800,1025,775,5,10,154229.020206,gemma-7b,DGX Spark,0.5694444444444444,0.013408630861026168
256,0,8,2110,1024,1800,1046,754,7,10,207219.442466,gemma-7b,DGX Spark,0.5811111111111111,0.010182442221106753
256,0,8,2112,2048,1800,1047,753,9,10,305783.412977,gemma-7b,DGX Spark,0.5816666666666667,0.006906849457393091
512,0,1,885,128,1622,442,1180,2,2,66850.742771,gemma-7b,DGX Spark,0.2725030826140567,0.013238446774355286
512,0,3,1345,256,1622,671,951,6,2,98729.404811,gemma-7b,DGX Spark,0.41368680641183725,0.013623094381808185
512,0,1,501,512,722,250,472,0,2,48718.082117,gemma-7b,DGX Spark,0.3462603878116344,0.010283656051911326
512,0,9,1649,1024,1622,817,805,6,2,181674.633875,gemma-7b,DGX Spark,0.5036991368680641,0.009076666152164
128,0,0,12,128,1800,6,1794,0,0,7376.423312,microsoft-phi-4,Lab Machine,0.0033333333333333335,0.0016268046846604294
128,0,0,116,256,1800,58,1742,0,0,14683.881848,microsoft-phi-4,Lab Machine,0.03222222222222222,0.007899818399573927
128,0,0,1194,512,1800,597,1203,0,0,25124.095474,microsoft-phi-4,Lab Machine,0.33166666666666667,0.04752409897644381
128,0,6,1629,1024,1800,810,990,0,0,26850.141311,microsoft-phi-4,Lab Machine,0.45,0.06067007175610764
128,0,7,1633,2048,1800,811,989,0,0,27218.550136,microsoft-phi-4,Lab Machine,0.45055555555555554,0.059995848119777304
256,0,0,28,128,1800,14,1786,0,0,7396.554871,microsoft-phi-4,Lab Machine,0.0077777777777777776,0.0037855461749876063
256,0,1,134,256,1800,66,1734,0,0,14619.044634,microsoft-phi-4,Lab Machine,0.03666666666666667,0.009166125650122972
256,0,1,2126,512,1800,1062,738,0,0,24050.98635,microsoft-phi-4,Lab Machine,0.59,0.08839554307925504
256,0,4,2787,1024,1800,1391,409,0,0,25015.526202,microsoft-phi-4,Lab Machine,0.7727777777777778,0.1114108085312704
256,0,4,2789,2048,1800,1392,408,0,0,25180.509764,microsoft-phi-4,Lab Machine,0.7733333333333333,0.11076026760933053
512,0,0,30,128,1622,15,1607,0,0,6469.285825,microsoft-phi-4,Lab Machine,0.009247842170160296,0.004637297038889142
512,0,0,220,256,1622,110,1512,0,0,12691.961979,microsoft-phi-4,Lab Machine,0.06781750924784218,0.017333805471841934
512,0,2,2424,512,1622,1211,411,0,0,20323.251693,microsoft-phi-4,Lab Machine,0.7466091245376079,0.11927225212857576
512,0,8,2946,1024,1622,1462,160,0,0,21061.329948,microsoft-phi-4,Lab Machine,0.9013563501849569,0.13987720658066774
512,0,8,2946,2048,1622,1462,160,0,0,21010.492606,microsoft-phi-4,Lab Machine,0.9013563501849569,0.14021565582706547
128,0,0,10,128,1800,5,1795,0,0,46705.089945,microsoft-phi-4,DGX Spark,0.002777777777777778,0.00021410942601279685
128,0,0,106,256,1800,53,1747,0,0,99701.064955,microsoft-phi-4,DGX Spark,0.029444444444444443,0.0010631782122672714
128,0,0,426,512,900,213,687,0,0,94012.032716,microsoft-phi-4,DGX Spark,0.23666666666666666,0.004531334848241172
128,0,4,626,1024,900,310,590,0,0,100407.861892,microsoft-phi-4,DGX Spark,0.34444444444444444,0.006234571558483475
128,0,7,1613,2048,1800,801,999,0,0,187639.134881,microsoft-phi-4,DGX Spark,0.445,0.00859628776812981
256,0,0,28,128,1800,14,1786,0,0,51759.326962,microsoft-phi-4,DGX Spark,0.0077777777777777776,0.0005409653031338039
256,0,1,126,256,1800,62,1738,0,0,103913.579612,microsoft-phi-4,DGX Spark,0.034444444444444444,0.001212546045189357
256,0,4,2771,1024,1800,1383,417,0,0,195812.423726,microsoft-phi-4,DGX Spark,0.7683333333333333,0.014151298203006034
256,0,5,2780,2048,1800,1386,414,0,0,197939.660305,microsoft-phi-4,DGX Spark,0.77,0.014044684100782892
512,0,0,30,128,1622,15,1607,0,0,51234.737047,microsoft-phi-4,DGX Spark,0.009247842170160296,0.0005855402355725883
512,0,0,210,256,1622,105,1517,0,0,99350.511436,microsoft-phi-4,DGX Spark,0.06473489519112208,0.0021137284243904334
512,0,0,2422,512,1622,1211,411,0,0,154782.468727,microsoft-phi-4,DGX Spark,0.7466091245376079,0.015647766959136958
512,0,5,2960,2048,1622,1471,151,0,0,159460.702265,microsoft-phi-4,DGX Spark,0.906905055487053,0.018562567190259328
128,0,0,160,128,1800,80,1720,0,0,8248.257175,Mistral-7B-Instruct-v0.3,Lab Machine,0.044444444444444446,0.019398037258701258
128,0,25,2374,256,1800,1174,626,0,0,13810.296122,Mistral-7B-Instruct-v0.3,Lab Machine,0.6522222222222223,0.1719007310942583
128,0,60,1836,512,900,868,32,0,0,7728.286165,Mistral-7B-Instruct-v0.3,Lab Machine,0.9644444444444444,0.23756884266461423
128,0,111,3758,1024,1800,1782,18,0,0,15393.972555,Mistral-7B-Instruct-v0.3,Lab Machine,0.99,0.24412152136645146
128,0,112,3764,2048,1800,1783,17,0,0,15392.440439,Mistral-7B-Instruct-v0.3,Lab Machine,0.9905555555555555,0.2445356222047227
256,0,0,104,128,1800,52,1748,0,0,8326.57844,Mistral-7B-Instruct-v0.3,Lab Machine,0.028888888888888888,0.012490124334912289
256,0,15,1912,256,1800,945,855,0,0,14787.877539,Mistral-7B-Instruct-v0.3,Lab Machine,0.525,0.12929509288655464
256,0,38,1768,512,900,848,52,0,0,8706.912364,Mistral-7B-Instruct-v0.3,Lab Machine,0.9422222222222222,0.20305705697809182
256,0,49,1874,1024,900,882,18,2,0,8924.599589,Mistral-7B-Instruct-v0.3,Lab Machine,0.98,0.20998140939676394
256,0,99,3774,2048,1800,1778,22,2,0,17703.470668,Mistral-7B-Instruct-v0.3,Lab Machine,0.9877777777777778,0.21317853830897196
512,0,0,84,128,1622,42,1580,0,0,7724.579014,Mistral-7B-Instruct-v0.3,Lab Machine,0.025893958076448828,0.01087437902412011
512,0,2,1477,256,1622,737,885,0,0,13806.689769,Mistral-7B-Instruct-v0.3,Lab Machine,0.45437731196054254,0.10697712664742355
512,0,27,3149,512,1622,1551,71,0,0,16822.669664,Mistral-7B-Instruct-v0.3,Lab Machine,0.9562268803945746,0.18718788770719097
512,0,45,3291,1024,1622,1599,23,0,0,17085.40266,Mistral-7B-Instruct-v0.3,Lab Machine,0.9858199753390875,0.19262057005567818
512,0,46,3300,2048,1622,1601,21,0,0,17093.491086,Mistral-7B-Instruct-v0.3,Lab Machine,0.9870530209617756,0.19305594061489187
128,0,0,156,128,1800,78,1722,0,0,66837.042874,Mistral-7B-Instruct-v0.3,DGX Spark,0.043333333333333335,0.002334035039432974
128,0,111,3759,2048,1800,1781,19,0,0,136586.816152,Mistral-7B-Instruct-v0.3,DGX Spark,0.9894444444444445,0.027520957775432835
256,0,0,104,128,1800,52,1748,0,0,70049.111412,Mistral-7B-Instruct-v0.3,DGX Spark,0.028888888888888888,0.0014846726518529959
256,0,15,1906,256,1800,942,858,0,0,125636.29198,Mistral-7B-Instruct-v0.3,DGX Spark,0.5233333333333333,0.015170775656952814
256,0,67,3561,512,1800,1723,77,0,0,152320.490765,Mistral-7B-Instruct-v0.3,DGX Spark,0.9572222222222222,0.023378338542080393
256,0,96,3770,2048,1800,1780,20,2,0,162189.185883,Mistral-7B-Instruct-v0.3,DGX Spark,0.9888888888888889,0.02324445973062348
512,0,0,86,128,1622,43,1579,0,0,70237.523899,Mistral-7B-Instruct-v0.3,DGX Spark,0.02651048088779285,0.0012244167394577588
512,0,2,1495,256,1622,746,876,0,0,124755.695487,Mistral-7B-Instruct-v0.3,DGX Spark,0.4599260172626387,0.011983420830320203
512,0,27,3155,512,1622,1554,68,0,0,150633.294363,Mistral-7B-Instruct-v0.3,DGX Spark,0.9580764488286067,0.020944904732661557
512,0,46,3299,1024,1622,1602,20,0,0,145703.552043,Mistral-7B-Instruct-v0.3,DGX Spark,0.9876695437731196,0.022641863933601288
512,0,47,3308,2048,1622,1604,18,0,0,147591.732768,Mistral-7B-Instruct-v0.3,DGX Spark,0.9889025893958077,0.022413179505114
